PassengerId,FirstName,LastName,Email,PhoneNumber
1,Harry,Thomas,user1@example.com,+1-555-8273
2,John,Brown,user2@example.com,+1-555-6240
3,Jane,Johnson,user3@example.com,+1-555-4809
4,Jane,Thomas,user4@example.com,+1-555-8936
5,Jane,Harris,user5@example.com,+1-555-7771
6,Emma,White,user6@example.com,+1-555-4529
7,Frank,Thomas,user7@example.com,+1-555-8381
8,David,Harris,user8@example.com,+1-555-5458
9,Jane,Smith,user9@example.com,+1-555-1161
10,Emma,Thomas,user10@example.com,+1-555-8752
11,Harry,Martin,user11@example.com,+1-555-7241
12,Grace,Johnson,user12@example.com,+1-555-1281
13,Frank,Moore,user13@example.com,+1-555-9499
14,David,Taylor,user14@example.com,+1-555-5573
15,Grace,Johnson,user15@example.com,+1-555-8883
16,Jane,Thomas,user16@example.com,+1-555-7329
17,Grace,Johnson,user17@example.com,+1-555-5820
18,John,Thomas,user18@example.com,+1-555-9816
19,Emma,Harris,user19@example.com,+1-555-3731
20,Grace,Brown,user20@example.com,+1-555-2861
21,Harry,Johnson,user21@example.com,+1-555-8685
22,Harry,Anderson,user22@example.com,+1-555-5907
23,Frank,Anderson,user23@example.com,+1-555-6353
24,Charlie,Martin,user24@example.com,+1-555-5009
25,Frank,Moore,user25@example.com,+1-555-1086
26,Charlie,Anderson,user26@example.com,+1-555-7263
27,Charlie,Brown,user27@example.com,+1-555-2793
28,Charlie,Moore,user28@example.com,+1-555-5118
29,Emma,Johnson,user29@example.com,+1-555-2503
30,Frank,Johnson,user30@example.com,+1-555-8579
31,John,Thomas,user31@example.com,+1-555-4338
32,John,Brown,user32@example.com,+1-555-4383
33,Alice,Moore,user33@example.com,+1-555-9164
34,John,Taylor,user34@example.com,+1-555-3910
35,John,Harris,user35@example.com,+1-555-3118
36,Harry,Brown,user36@example.com,+1-555-7813
37,Frank,Brown,user37@example.com,+1-555-1948
38,Grace,Moore,user38@example.com,+1-555-9457
39,Alice,White,user39@example.com,+1-555-3148
40,Grace,Johnson,user40@example.com,+1-555-2936
41,Frank,Brown,user41@example.com,+1-555-1632
42,John,Thomas,user42@example.com,+1-555-6875
43,John,Harris,user43@example.com,+1-555-5906
44,Harry,Thomas,user44@example.com,+1-555-9122
45,Alice,Taylor,user45@example.com,+1-555-4584
46,Grace,White,user46@example.com,+1-555-8211
47,Charlie,Anderson,user47@example.com,+1-555-1716
48,Emma,Anderson,user48@example.com,+1-555-6783
49,Emma,White,user49@example.com,+1-555-5703
50,Harry,Harris,user50@example.com,+1-555-4076
